Company,Founded,Funding if known,Primary customer,Core product,Document collection,Document extraction,LPA extraction,Side-letter extraction,Investor-specific term modeling,Capital-call extraction,Capital-call validation,Distribution validation,Fee verification,Carry verification,Expense verification,NAV reconciliation,Cash-flow reconciliation,Expected-vs-actual calculations,Exception detection,Exception investigation,AI-generated remediation,Human approval workflows,Downstream execution,Accounting integrations,Portfolio-system integrations,API availability,Audit trail,Evidence/provenance,Pre-investment functionality,Post-investment functionality,Portfolio monitoring,Underwriting-vs-actual monitoring,Customer/VPC deployment,Known pricing,Notable customers,Primary source links
Canoe Intelligence,2017,"~$60M (reported)","Asset managers, LPs","Document ingestion + private-markets data extraction","YES;https://canoeintelligence.com/product","YES;https://docs.canoeintelligence.com","PARTIAL;https://canoeintelligence.com/solutions","PARTIAL;https://canoeintelligence.com/case-study","PARTIAL;https://canoeintelligence.com/solutions","YES;https://docs.canoeintelligence.com","PARTIAL;https://canoeintelligence.com/product","PARTIAL;https://canoeintelligence.com/case-study","PARTIAL;https://canoeintelligence.com/solutions","NO;","PARTIAL;https://canoeintelligence.com/solutions","PARTIAL;https://docs.canoeintelligence.com","PARTIAL;https://docs.canoeintelligence.com","PARTIAL;https://canoeintelligence.com/product","PARTIAL;https://canoeintelligence.com/product","PARTIAL;https://canoeintelligence.com/product","PARTIAL;https://canoeintelligence.com/solutions","YES;https://docs.canoeintelligence.com","PARTIAL;https://docs.canoeintelligence.com","PARTIAL;https://docs.canoeintelligence.com","YES;https://docs.canoeintelligence.com","YES;https://docs.canoeintelligence.com","YES;https://docs.canoeintelligence.com","YES;https://canoeintelligence.com/solutions","YES;https://canoeintelligence.com/solutions","YES;https://canoeintelligence.com/solutions","YES;https://canoeintelligence.com/solutions","YES;","UNKNOWN;","Case studies;https://canoeintelligence.com/case-study","https://canoeintelligence.com/product"
Chronograph,~2018,Unknown,"LPs, GPs","Capital-call automation & verification","YES;https://www.chronograph.io","YES;https://www.chronograph.io/demo","PARTIAL;https://www.chronograph.io","PARTIAL;https://www.chronograph.io","PARTIAL;https://www.chronograph.io/demo","YES;https://www.chronograph.io/demo","YES;https://www.chronograph.io/demo","PARTIAL;https://www.chronograph.io","PARTIAL;https://www.chronograph.io","NO;","PARTIAL;https://www.chronograph.io","PARTIAL;https://www.chronograph.io","PARTIAL;https://www.chronograph.io","PARTIAL;https://www.chronograph.io","PARTIAL;https://www.chronograph.io","PARTIAL;https://www.chronograph.io","NO;","YES;https://www.chronograph.io","YES;https://www.chronograph.io","YES;https://www.chronograph.io","YES;https://www.chronograph.io","YES;https://www.chronograph.io","YES;https://www.chronograph.io","YES;https://www.chronograph.io","YES;https://www.chronograph.io","YES;https://www.chronograph.io","YES;","UNKNOWN;","Unknown;https://www.chronograph.io","https://www.chronograph.io"
Juniper Square,2014,VC+PE,"GPs, LPs (real estate)","Investor reporting, capital call & distribution workflows","YES;https://www.junipersquare.com/product","YES;https://developers.junipersquare.com","PARTIAL;https://www.junipersquare.com/product","PARTIAL;https://www.junipersquare.com/product","PARTIAL;https://www.junipersquare.com/product","YES;https://www.junipersquare.com/product","PARTIAL;https://www.junipersquare.com/product","YES;https://www.junipersquare.com/product","PARTIAL;https://www.junipersquare.com/product","PARTIAL;https://www.junipersquare.com/product","PARTIAL;https://www.junipersquare.com/product","PARTIAL;https://www.junipersquare.com/product","PARTIAL;https://www.junipersquare.com/product","PARTIAL;https://www.junipersquare.com/product","PARTIAL;https://www.junipersquare.com/product","PARTIAL;https://www.junipersquare.com/product","PARTIAL;https://www.junipersquare.com/product","NO;","YES;https://www.junipersquare.com/product","YES;https://www.junipersquare.com/product","YES;https://developers.junipersquare.com","YES;https://www.junipersquare.com/product","YES;https://www.junipersquare.com/product","YES;https://www.junipersquare.com/product","YES;https://www.junipersquare.com/product","YES;https://www.junipersquare.com/product","YES;https://www.junipersquare.com/product","YES;","KNOWN: enterprise;","Many RE managers;https://www.junipersquare.com/customers","https://www.junipersquare.com/product"
Allvue,2010,PE-backed,"GPs, LPs, fund admins","Portfolio accounting, fund admin, reporting","YES;https://www.allvuesystems.com/solutions","YES;https://www.allvuesystems.com/products","PARTIAL;https://www.allvuesystems.com/products","PARTIAL;https://www.allvuesystems.com/products","PARTIAL;https://www.allvuesystems.com/products","YES;https://www.allvuesystems.com/products","PARTIAL;https://www.allvuesystems.com/products","YES;https://www.allvuesystems.com/solutions","YES;https://www.allvuesystems.com/solutions","YES;https://www.allvuesystems.com/solutions","YES;https://www.allvuesystems.com/solutions","YES;https://www.allvuesystems.com/solutions","YES;https://www.allvuesystems.com/solutions","YES;https://www.allvuesystems.com/solutions","PARTIAL;https://www.allvuesystems.com/solutions","PARTIAL;https://www.allvuesystems.com/solutions","PARTIAL;https://www.allvuesystems.com/solutions","PARTIAL;https://www.allvuesystems.com/solutions","YES;https://www.allvuesystems.com/products","YES;https://www.allvuesystems.com/products","YES;https://www.allvuesystems.com/products","YES;https://www.allvuesystems.com/products","YES;https://www.allvuesystems.com/products","YES;https://www.allvuesystems.com/products","YES;https://www.allvuesystems.com/products","YES;https://www.allvuesystems.com/products","YES;https://www.allvuesystems.com/products","YES;","Enterprise;","Many institutional customers;https://www.allvuesystems.com/customers","https://www.allvuesystems.com/solutions"
eFront (BlackRock),1999 (eFront),BlackRock-owned,"GPs, LPs, fund admins","Private markets portfolio & risk platform","YES;https://www.blackrock.com/solutions/efront","YES;https://www.blackrock.com/solutions/efront","PARTIAL;https://www.blackrock.com/solutions/efront","PARTIAL;https://www.blackrock.com/solutions/efront","PARTIAL;https://www.blackrock.com/solutions/efront","YES;https://www.blackrock.com/solutions/efront","PARTIAL;https://www.blackrock.com/solutions/efront","YES;https://www.blackrock.com/solutions/efront","YES;https://www.blackrock.com/solutions/efront","YES;https://www.blackrock.com/solutions/efront","YES;https://www.blackrock.com/solutions/efront","YES;https://www.blackrock.com/solutions/efront","YES;https://www.blackrock.com/solutions/efront","YES;https://www.blackrock.com/solutions/efront","PARTIAL;https://www.blackrock.com/solutions/efront","PARTIAL;https://www.blackrock.com/solutions/efront","PARTIAL;https://www.blackrock.com/solutions/efront","PARTIAL;https://www.blackrock.com/solutions/efront","YES;https://www.blackrock.com/solutions/efront","YES;https://www.blackrock.com/solutions/efront","YES;https://www.blackrock.com/solutions/efront","YES;https://www.blackrock.com/solutions/efront","YES;https://www.blackrock.com/solutions/efront","YES;https://www.blackrock.com/solutions/efront","YES;https://www.blackrock.com/solutions/efront","YES;https://www.blackrock.com/solutions/efront","YES;https://www.blackrock.com/solutions/efront","YES;","Enterprise;","Large institutional customers;https://www.blackrock.com/solutions/efront","https://www.blackrock.com/solutions/efront"
iLEVEL (S&P Global),2010,S&P Global,"GPs, LPs","Portfolio monitoring, cashflow aggregation","YES;https://www.spglobal.com/marketintelligence/en/solutions/ilevel","YES;https://www.spglobal.com/marketintelligence/en/solutions/ilevel/features","PARTIAL;https://www.spglobal.com/marketintelligence/en/solutions/ilevel","PARTIAL;https://www.spglobal.com/marketintelligence/en/solutions/ilevel","PARTIAL;https://www.spglobal.com/marketintelligence/en/solutions/ilevel","YES;https://www.spglobal.com/marketintelligence/en/solutions/ilevel","PARTIAL;https://www.spglobal.com/marketintelligence/en/solutions/ilevel","YES;https://www.spglobal.com/marketintelligence/en/solutions/ilevel","PARTIAL;https://www.spglobal.com/marketintelligence/en/solutions/ilevel","PARTIAL;https://www.spglobal.com/marketintelligence/en/solutions/ilevel","PARTIAL;https://www.spglobal.com/marketintelligence/en/solutions/ilevel","YES;https://www.spglobal.com/marketintelligence/en/solutions/ilevel","YES;https://www.spglobal.com/marketintelligence/en/solutions/ilevel","PARTIAL;https://www.spglobal.com/marketintelligence/en/solutions/ilevel","PARTIAL;https://www.spglobal.com/marketintelligence/en/solutions/ilevel","PARTIAL;https://www.spglobal.com/marketintelligence/en/solutions/ilevel","PARTIAL;https://www.spglobal.com/marketintelligence/en/solutions/ilevel","YES;https://www.spglobal.com/marketintelligence/en/solutions/ilevel","YES;https://www.spglobal.com/marketintelligence/en/solutions/ilevel","YES;https://www.spglobal.com/marketintelligence/en/solutions/ilevel","YES;https://www.spglobal.com/marketintelligence/en/solutions/ilevel","YES;https://www.spglobal.com/marketintelligence/en/solutions/ilevel","YES;https://www.spglobal.com/marketintelligence/en/solutions/ilevel","YES;https://www.spglobal.com/marketintelligence/en/solutions/ilevel","YES;https://www.spglobal.com/marketintelligence/en/solutions/ilevel","YES;https://www.spglobal.com/marketintelligence/en/solutions/ilevel","YES;","Enterprise;","Large institutional customers;https://www.spglobal.com/marketintelligence/en/solutions/ilevel","https://www.spglobal.com/marketintelligence/en/solutions/ilevel"
Dynamo,2014,VC,"GPs, LPs","Fund operations, capital call & distribution workflows","YES;https://www.dynamo.com/product","YES;https://www.dynamo.com/product","PARTIAL;https://www.dynamo.com/product","PARTIAL;https://www.dynamo.com/product","PARTIAL;https://www.dynamo.com/product","YES;https://www.dynamo.com/product","PARTIAL;https://www.dynamo.com/product","PARTIAL;https://www.dynamo.com/product","PARTIAL;https://www.dynamo.com/product","PARTIAL;https://www.dynamo.com/product","PARTIAL;https://www.dynamo.com/product","PARTIAL;https://www.dynamo.com/product","PARTIAL;https://www.dynamo.com/product","PARTIAL;https://www.dynamo.com/product","PARTIAL;https://www.dynamo.com/product","PARTIAL;https://www.dynamo.com/product","PARTIAL;https://www.dynamo.com/product","PARTIAL;https://www.dynamo.com/product","NO;","YES;https://www.dynamo.com/product","YES;https://www.dynamo.com/product","YES;https://www.dynamo.com/product","YES;https://www.dynamo.com/product","YES;https://www.dynamo.com/product","YES;https://www.dynamo.com/product","YES;https://www.dynamo.com/product","YES;https://www.dynamo.com/product","YES;https://www.dynamo.com/product","YES;","Enterprise;","GP customers;https://www.dynamo.com/product","https://www.dynamo.com/product"
Accelex / Carta,2016 (Accelex founded),Accelex acquired by Carta,"GPs, LPs","Fund administration, capital call workflows","YES;https://carta.com/products/fund-administration","YES;https://carta.com/products/fund-administration","PARTIAL;https://carta.com/products/fund-administration","PARTIAL;https://carta.com/products/fund-administration","PARTIAL;https://carta.com/products/fund-administration","YES;https://carta.com/products/fund-administration","PARTIAL;https://carta.com/products/fund-administration","PARTIAL;https://carta.com/products/fund-administration","PARTIAL;https://carta.com/products/fund-administration","PARTIAL;https://carta.com/products/fund-administration","PARTIAL;https://carta.com/products/fund-administration","PARTIAL;https://carta.com/products/fund-administration","PARTIAL;https://carta.com/products/fund-administration","PARTIAL;https://carta.com/products/fund-administration","PARTIAL;https://carta.com/products/fund-administration","PARTIAL;https://carta.com/products/fund-administration","PARTIAL;https://carta.com/products/fund-administration","PARTIAL;https://carta.com/products/fund-administration","YES;https://carta.com/products/fund-administration","YES;https://carta.com/products/fund-administration","YES;https://carta.com/products/fund-administration","YES;https://carta.com/products/fund-administration","YES;https://carta.com/products/fund-administration","YES;https://carta.com/products/fund-administration","YES;https://carta.com/products/fund-administration","YES;https://carta.com/products/fund-administration","YES;https://carta.com/products/fund-administration","YES;https://carta.com/products/fund-administration","YES;","Enterprise;","GP fund admin customers;https://carta.com/products/fund-administration","https://carta.com/products/fund-administration"
Alkymi,2017,"~$50M (reported)","Banks, asset managers","Document-to-data automation","YES;https://www.alkymi.io/solutions","YES;https://www.alkymi.io/solutions","PARTIAL;https://www.alkymi.io/solutions","PARTIAL;https://www.alkymi.io/solutions","PARTIAL;https://www.alkymi.io/solutions","PARTIAL;https://www.alkymi.io/solutions","PARTIAL;https://www.alkymi.io/solutions","PARTIAL;https://www.alkymi.io/solutions","PARTIAL;https://www.alkymi.io/solutions","NO;","PARTIAL;https://www.alkymi.io/solutions","PARTIAL;https://www.alkymi.io/solutions","PARTIAL;https://www.alkymi.io/solutions","PARTIAL;https://www.alkymi.io/solutions","PARTIAL;https://www.alkymi.io/solutions","PARTIAL;https://www.alkymi.io/solutions","PARTIAL;https://www.alkymi.io/solutions","YES;https://www.alkymi.io/solutions","PARTIAL;https://www.alkymi.io/solutions","PARTIAL;https://www.alkymi.io/solutions","PARTIAL;https://www.alkymi.io/solutions","YES;https://www.alkymi.io/solutions","YES;https://www.alkymi.io/solutions","YES;https://www.alkymi.io/solutions","YES;https://www.alkymi.io/solutions","YES;https://www.alkymi.io/solutions","YES;https://www.alkymi.io/solutions","YES;","UNKNOWN;","Customers: Citi etc;https://www.alkymi.io/customers","https://www.alkymi.io/solutions"
Ontra,2018,Unknown,"Legal ops, GPs, LPs","Contract lifecycle automation (CLM) and clause extraction","YES;https://www.ontra.io/product","YES;https://www.ontra.io/product","PARTIAL;https://www.ontra.io/features","PARTIAL;https://www.ontra.io/features","PARTIAL;https://www.ontra.io/features","NO;https://www.ontra.io/product","NO;https://www.ontra.io/product","NO;https://www.ontra.io/product","NO;https://www.ontra.io/product","NO;","NO;","NO;","NO;","NO;","NO;","NO;","NO;","YES;https://www.ontra.io/product","YES;https://www.ontra.io/product","PARTIAL;https://www.ontra.io/product","PARTIAL;https://www.ontra.io/product","PARTIAL;https://www.ontra.io/product","PARTIAL;https://www.ontra.io/product","PARTIAL;https://www.ontra.io/product","PARTIAL;https://www.ontra.io/product","YES;https://www.ontra.io/product","YES;https://www.ontra.io/product","YES;https://www.ontra.io/product","YES;https://www.ontra.io/product","YES;","UNKNOWN;","Unknown;https://www.ontra.io/product","https://www.ontra.io/product"
